join_key,experiment,experiment_date,model.loss,model.model_architecture,model.pos_weight,model.alpha,model.lr,dataloader.batch_size,training.max_epochs,metrics.FPR_no_plume,metrics.frac_total_easy,metrics.precision_easy,metrics.recall_easy,metrics.f1score_easy,metrics.iou_easy,metrics.accuracy_easy,metrics.cohen_kappa_easy,metrics.balanced_accuracy_easy,metrics.precision_hard,metrics.recall_hard,metrics.f1score_hard,metrics.iou_hard,metrics.accuracy_hard,metrics.cohen_kappa_hard,metrics.balanced_accuracy_hard,metrics.frac_total_hard,metrics.precision,metrics.recall,metrics.f1score,metrics.iou,metrics.accuracy,metrics.cohen_kappa,metrics.balanced_accuracy
2025-10-12-14-30-07-1530468,2025-10-12_14-30-07_1530468,2025-10-12_14-30-07_1530468,BCEWithLogitsLoss,segformer,1,0.5,0.0001,4,150,0.005780007498604911,0.09064327485380116,0.7794566659521092,0.8827176694442622,0.8278796717649556,0.7063094563094563,0.9931161942020539,0.8243813666605444,0.9389719685183155,0.2667314873771705,0.8106009099942472,0.40138547196685226,0.25108333805817223,0.9974065107457778,0.4004176444327189,0.9041040073287189,0.39766081871345027,0.2988097071647644,0.8682520985603333,0.44460737705230713,0.2858489751815796,0.9953871369361877,0.4428444504737854,0.931955099105835
2025-10-12-14-30-14-1530469,2025-10-12_14-30-14_1530469,2025-10-12_14-30-14_1530469,BCEWithLogitsLoss,segformer,1,0.5,0.0001,8,150,0.005468270438058036,0.09064327485380116,0.7640465759473812,0.8627845941867331,0.8104192089141983,0.681264538724167,0.9924294256394909,0.8065713192573436,0.9288459762382533,0.2193467354512748,0.8082997751163642,0.3450562330812379,0.2085002765524033,0.9967086174908806,0.34394920679450136,0.9026053540516104,0.39766081871345027,0.2880151569843292,0.8518557548522949,0.43048274517059326,0.2742771506309509,0.995206892490387,0.4286668300628662,0.9236841201782227
2025-10-12-14-30-17-1530470,2025-10-12_14-30-17_1530470,2025-10-12_14-30-17_1530470,BCEWithLogitsLoss,segformer,1,0.5,0.0001,16,150,0.005355311802455357,0.09064327485380116,0.7873899024623779,0.8956695754871727,0.8380466512574475,0.7212394991282295,0.9935075083086568,0.8347479959510722,0.9455235417951642,0.2388286973922333,0.7833533810993148,0.3660546815335268,0.22403117007433554,0.9970895823310403,0.3650107124895765,0.8903362378620102,0.39766081871345027,0.3057350218296051,0.8731405735015869,0.4528886079788208,0.29273173213005066,0.9955138564109802,0.45115965604782104,0.9344576597213745
2025-10-12-14-30-25-1530471,2025-10-12_14-30-25_1530471,2025-10-12_14-30-25_1530471,BCEWithLogitsLoss,segformer,5,0.5,0.0001,4,150,0.005848846435546875,0.09064327485380116,0.6867298841574004,0.8918837346630798,0.7759760925471885,0.6339550133150513,0.99034180179719,0.7711257640949171,0.9420536945150528,0.2086324909056098,0.9118246953611213,0.3395689898625948,0.20450653341778685,0.9961954565609202,0.33841395742579294,0.9540553750886596,0.39766081871345027,0.269661545753479,0.8958836197853088,0.4145447909832001,0.2614673972129822,0.994618833065033,0.41262465715408325,0.9453564286231995
2025-10-12-14-30-26-1530472,2025-10-12_14-30-26_1530472,2025-10-12_14-30-26_1530472,BCEWithLogitsLoss,segformer,5,0.5,0.0001,8,150,0.008535112653459822,0.09064327485380116,0.6134838695829488,0.9376550095138114,0.7416953198998326,0.5894401663043882,0.9877512531895791,0.7357025555355636,0.9631818820911952,0.18883773088493763,0.9159039799173684,0.3131179489013249,0.185619349436666,0.9956896164838005,0.31189407618355924,0.9558396355494856,0.39766081871345027,0.21967783570289612,0.9332920908927917,0.3556442856788635,0.21628186106681824,0.9928082823753357,0.3534182906150818,0.9631136059761047
2025-10-12-14-33-17-1530473,2025-10-12_14-33-17_1530473,2025-10-12_14-33-17_1530473,BCEWithLogitsLoss,segformer,5,0.5,0.0001,16,150,0.005379856654575893,0.09064327485380116,0.7081956681350955,0.9113378387244931,0.7970264361418268,0.6625469254582834,0.9912946147303427,0.7926498481379214,0.9520803432126494,0.18864958594648906,0.9132106061398463,0.3127017455890188,0.18532689450222883,0.9956939641167136,0.3114775400848392,0.9544965708987048,0.39766081871345027,0.2767609655857086,0.9117134809494019,0.42462286353111267,0.2695372700691223,0.9947457313537598,0.4227394461631775,0.9533181190490723
2025-10-12-14-49-04-1530474,2025-10-12_14-49-04_1530474,2025-10-12_14-49-04_1530474,BCEWithLogitsLoss,segformer,15,0.5,0.0001,4,150,0.00829897199358259,0.09064327485380116,0.5766196110135103,0.9733941342431599,0.7242234448149107,0.567672639751434,0.9860967820690524,0.7175706387720873,0.9798668525280996,0.15801445532090377,0.9518592123842895,0.2710353788248258,0.15676166851847068,0.994507817661061,0.2696916947440797,0.9732064132943818,0.39766081871345027,0.21276281774044037,0.969074547290802,0.34891948103904724,0.2113279551267624,0.9923092126846313,0.346640944480896,0.9807166457176208
2025-10-12-14-51-50-1530475,2025-10-12_14-51-50_1530475,2025-10-12_14-51-50_1530475,BCEWithLogitsLoss,segformer,15,0.5,0.0001,8,150,0.007559029715401786,0.09064327485380116,0.514251321652576,0.958637884653238,0.6694064931137806,0.5030886515298638,0.9822417228452621,0.661133649848801,0.9706653766497375,0.1571881433752272,0.9543172428220281,0.2699174605052956,0.15601420992557316,0.9944623498355641,0.2685702185432082,0.9744113504584593,0.39766081871345027,0.21157392859458923,0.9577712416648865,0.3465861678123474,0.20961852371692657,0.9923202991485596,0.3443019390106201,0.9750826358795166
2025-10-12-15-06-29-1530476,2025-10-12_15-06-29_1530476,2025-10-12_15-06-29_1530476,BCEWithLogitsLoss,segformer,15,0.5,0.0001,16,150,0.009040614536830357,0.09064327485380116,0.5340107294361469,0.9737943704481333,0.6897663923855025,0.5264453517120045,0.9835715755339591,0.6820644005581986,0.9787764100198857,0.1473908762717427,0.9394906124156687,0.2548067034985567,0.14600486032656843,0.9941055634442497,0.2534222542002652,0.966827410998786,0.39766081871345027,0.19685891270637512,0.9669135212898254,0.3271181285381317,0.19554169476032257,0.9915408492088318,0.3247319459915161,0.9792534112930298
2025-10-12-16-17-57-1530477,2025-10-12_16-17-57_1530477,2025-10-12_16-17-57_1530477,JaccardLoss,segformer,1,0.5,0.0001,4,150,0.0035813685825892855,0.09064327485380116,0.8599706590483143,0.8038448920674497,0.8309611256371388,0.7108070944946304,0.9938663359611265,0.8278412445992676,0.9006715766516012,0.2219731300741405,0.36248104178651747,0.27533741843858933,0.1596471225051538,0.9979533307692584,0.2743719442607161,0.6805583748593369,0.39766081871345027,0.36937445402145386,0.7153137922286987,0.4871789515018463,0.3220334053039551,0.9967976212501526,0.48573654890060425,0.856355607509613
2025-10-13-05-48-42-1535029,2025-10-13_05-48-42_1535029,2025-10-13_05-48-42_1535029,BCEWithLogitsLoss,deeplabv3_resnet50,1,0.5,0.0001,4,150,0.00023106166294642856,0.09064327485380116,0.909701614218164,0.3660652188176629,0.5220548329746421,0.35323017702028514,0.9874292189075101,0.5168547930498888,0.6826853581863039,0.5181882694147049,0.4391768212959573,0.4754221335258234,0.31183853837869957,0.9989604108473834,0.47490537082142026,0.7193691669723922,0.39766081871345027,0.6956709027290344,0.3807303309440613,0.4921269118785858,0.32637158036231995,0.9983289241790771,0.49136173725128174,0.6901876926422119
2025-10-13-05-48-42-1535030,2025-10-13_05-48-42_1535030,2025-10-13_05-48-42_1535030,BCEWithLogitsLoss,deeplabv3_resnet50,1,0.5,0.0001,8,150,9.669712611607143e-05,0.09064327485380116,0.8752399232245681,0.26328981037989635,0.40480585903217026,0.25376588882564977,0.9854792933310231,0.39959782547181233,0.6312862419554127,0.5541199331810589,0.42503007164897233,0.4810654827968924,0.3167124568889928,0.9990163971396053,0.4805817791400563,0.7123314108223732,0.39766081871345027,0.7081653475761414,0.2957325279712677,0.4172287583351135,0.2636064887046814,0.9982432126998901,0.41649770736694336,0.6477364301681519
2025-10-13-05-48-42-1535031,2025-10-13_05-48-42_1535031,2025-10-13_05-48-42_1535031,BCEWithLogitsLoss,deeplabv3_resnet50,1,0.5,0.0001,16,150,8.052280970982144e-05,0.09064327485380116,0.8983361018046679,0.20935634144741158,0.33957505228038243,0.2045109312207972,0.984727305750693,0.3348596137415465,0.6044517488810647,0.5568691398287811,0.357198891271377,0.4352258968967055,0.2781397621762502,0.9990055981804343,0.43475202346408215,0.6784468342913221,0.39766081871345027,0.7148706316947937,0.23901139199733734,0.3582460284233093,0.21820932626724243,0.998179018497467,0.3575614094734192,0.619404137134552
2025-10-13-05-48-42-1535032,2025-10-13_05-48-42_1535032,2025-10-13_05-48-42_1535032,BCEWithLogitsLoss,deeplabv3_resnet50,5,0.5,0.0001,4,150,0.0007238551548549107,0.09064327485380116,0.77597031391034,0.253828488944295,0.3825278718512842,0.23649734990432758,0.9846313230452999,0.3767657674254066,0.6262139106143632,0.4797270625387695,0.4449035092306888,0.4616595213545341,0.30010230359473666,0.9988870059742647,0.46110323946906073,0.7221926944013382,0.39766081871345027,0.46993115544319153,0.29215535521507263,0.3603079319000244,0.21974119544029236,0.997793972492218,0.35926318168640137,0.6457265615463257
2025-10-13-05-48-42-1535033,2025-10-13_05-48-42_1535033,2025-10-13_05-48-42_1535033,BCEWithLogitsLoss,deeplabv3_resnet50,5,0.5,0.0001,8,150,9.739467075892857e-05,0.09064327485380116,0.8367097876494997,0.022491962469654223,0.04380634731992818,0.022393666015586722,0.9815847335323211,0.042866523286899216,0.5112040326851935,0.5511314455298627,0.11654725171277652,0.19240648405966027,0.10644344669468858,0.9989505375132841,0.19210394478104642,0.5582226618103855,0.39766081871345027,0.47351670265197754,0.04135807603597641,0.0760718584060669,0.03953986242413521,0.9978635907173157,0.07575613260269165,0.5206300616264343
2025-10-13-05-48-42-1535034,2025-10-13_05-48-42_1535034,2025-10-13_05-48-42_1535034,BCEWithLogitsLoss,deeplabv3_resnet50,5,0.5,0.0001,16,150,6.007603236607143e-05,0.09064327485380116,0.8145731375747689,0.009828751394265468,0.01942314050658351,0.009806809775386087,0.9813875998220136,0.0189844309298437,0.5048929938504585,0.41376793967404524,0.0444798912190785,0.08032488843765495,0.041842959755977564,0.9989074538735783,0.08013333941530476,0.5222061099756917,0.39766081871345027,0.36744773387908936,0.016779262572526932,0.03209301829338074,0.016308199614286423,0.9978477358818054,0.03191322088241577,0.508358895778656
2025-10-13-05-48-42-1535035,2025-10-13_05-48-42_1535035,2025-10-13_05-48-42_1535035,BCEWithLogitsLoss,deeplabv3_resnet50,15,0.5,0.0001,4,150,0.00857879638671875,0.09064327485380116,0.6285411066224138,0.8238173348205499,0.7130513301776693,0.5540635356312303,0.987564702187815,0.7068133623764816,0.9072558897892555,0.1604160619254959,0.8670571622823074,0.2707416449608479,0.15656517961696823,0.9949896756340476,0.26941901808845914,0.9310921066311232,0.39766081871345027,0.19839127361774445,0.8324906229972839,0.320422500371933,0.19077566266059875,0.9924907088279724,0.31808042526245117,0.9126611948013306
2025-10-13-05-48-42-1535036,2025-10-13_05-48-42_1535036,2025-10-13_05-48-42_1535036,BCEWithLogitsLoss,deeplabv3_resnet50,15,0.5,0.0001,8,150,0.0003210667201450893,0.09064327485380116,0.6343104276790005,0.03464339610261794,0.06569860763746314,0.033965031456250724,0.9815203758978075,0.0638801733761113,0.5171308290153079,0.4653694060530128,0.3108101040740547,0.37270118997224966,0.2290305798023007,0.998877721674302,0.3721618378058682,0.655213340178028,0.39766081871345027,0.35325348377227783,0.09003839641809464,0.14350083470344543,0.07729647308588028,0.9977144002914429,0.14276033639907837,0.5448435544967651
2025-10-13-05-48-42-1535037,2025-10-13_05-48-42_1535037,2025-10-13_05-48-42_1535037,BCEWithLogitsLoss,deeplabv3_resnet50,15,0.5,0.0001,16,150,0.00038914271763392856,0.09064327485380116,0.6911963012906954,0.023541762351551736,0.045532706010748665,0.023296734691227363,0.981489489155431,0.04435202699115659,0.5116703676853982,0.46629276500280425,0.10870247371999373,0.17630468435227006,0.09667441860465116,0.998910483191995,0.17597048183981268,0.5542844360525916,0.39766081871345027,0.24234932661056519,0.040623754262924194,0.06958357244729996,0.03604589030146599,0.9976897835731506,0.06901514530181885,0.5201765894889832
2025-10-13-05-48-42-1535038,2025-10-13_05-48-42_1535038,2025-10-13_05-48-42_1535038,JaccardLoss,deeplabv3_resnet50,1,0.5,0.0001,4,150,0.005504477364676339,0.09064327485380116,0.7007307744403093,0.7128272423069353,0.7067272508464764,0.5464641942769191,0.9889045223113029,0.7010729659509308,0.8535042478284312,0.24279663669177326,0.6085978766800899,0.3471140939597315,0.2100048725028423,0.9975442325367647,0.3461113382233545,0.8032798820549033,0.39766081871345027,0.2620407044887543,0.6919203400611877,0.3801230788230896,0.23466168344020844,0.995201051235199,0.37820494174957275,0.8438838720321655
2025-10-13-05-48-42-1535039,2025-10-13_05-48-42_1535039,2025-10-13_05-48-42_1535039,JaccardLoss,deeplabv3_resnet50,1,0.5,0.0001,8,150,0.0034092058454241072,0.09064327485380116,0.8272707501701265,0.7737025129584673,0.7995904404460402,0.6660980280289893,0.9927261106429561,0.7958904977754573,0.8853074369866644,0.32184062790290663,0.6251242089848857,0.4249162378578221,0.26977374033741464,0.9981849614311668,0.4241006498788108,0.8118548835863004,0.39766081871345027,0.3800084590911865,0.7438998818397522,0.5030450820922852,0.3360455334186554,0.9968744516372681,0.501642107963562,0.8706567287445068
2025-10-13-05-48-42-1535040,2025-10-13_05-48-42_1535040,2025-10-13_05-48-42_1535040,JaccardLoss,deeplabv3_resnet50,1,0.5,0.0001,16,150,0.0055224609375,0.09064327485380116,0.7052196275867599,0.8078538153664457,0.7530558010525962,0.6039210108104927,0.9900632058420489,0.7480091961341795,0.9006998164194817,0.2586783565547815,0.6835678050311176,0.3753248431420408,0.2310153150048163,0.9975592669318704,0.3743511106468236,0.840732119731455,0.39766081871345027,0.2821711599826813,0.7829238772392273,0.4148334562778473,0.26169708371162415,0.9953028559684753,0.4129983186721802,0.8893396854400635
2025-10-13-05-48-42-1535041,2025-10-13_05-48-42_1535041,2025-10-13_05-48-42_1535041,HybridBCEJaccardLoss,deeplabv3_resnet50,1,0.5,0.0001,4,150,0.004325648716517857,0.09064327485380116,0.8408454863796814,0.784594186733154,0.8117464972303682,0.6831425241653527,0.9931748913180444,0.8082751791205451,0.8908778654556548,0.31081049121396304,0.6873071492076774,0.42805028988339516,0.2723053333885873,0.9980298210592831,0.42720411372835365,0.8428353138520115,0.39766081871345027,0.3430318534374237,0.7650798559188843,0.47368285059928894,0.3103436529636383,0.9963844418525696,0.47213274240493774,0.8809786438941956
2025-10-13-05-48-42-1535042,2025-10-13_05-48-42_1535042,2025-10-13_05-48-42_1535042,HybridBCEJaccardLoss,deeplabv3_resnet50,1,0.5,0.0001,8,150,0.003751743861607143,0.09064327485380116,0.8213497470766447,0.7862344990486189,0.803408603304012,0.6714143236549862,0.9927835772114415,0.7997347156707301,0.8914829490793914,0.30224229028025673,0.6686365775848544,0.41630373729068815,0.26286842186423776,0.997988785014433,0.4154400711644908,0.8334895123187113,0.39766081871345027,0.3611462414264679,0.7626460790634155,0.4901738166809082,0.3246557414531708,0.9966263771057129,0.4886980652809143,0.8798855543136597
2025-10-13-05-48-42-1535043,2025-10-13_05-48-42_1535043,2025-10-13_05-48-42_1535043,HybridBCEJaccardLoss,deeplabv3_resnet50,1,0.5,0.0001,16,150,0.004141736711774553,0.09064327485380116,0.8282118713107608,0.7604159832032019,0.7928673070081822,0.6568186841523613,0.9925485426379789,0.7890803715422792,0.878700665466112,0.2395611530712601,0.6560587835364259,0.35096627987493967,0.21283147554333995,0.9973972264458152,0.3499447265300095,0.826911271486213,0.39766081871345027,0.32435017824172974,0.7394834756851196,0.45091933012008667,0.29108837246894836,0.9961702227592468,0.44929128885269165,0.8681004047393799
2025-10-13-05-48-42-1535045,2025-10-13_05-48-42_1535045,2025-10-13_05-48-42_1535045,HybridBCEJaccardLoss,deeplabv3_resnet50,5,0.5,0.0001,4,150,0.0012929207938058036,0.09064327485380116,0.8589249120797502,0.6297749491503182,0.7267138352280256,0.570738813735692,0.9911165545063634,0.7223074310045021,0.813898956062493,0.20436311187235193,0.23712148946184822,0.21952695669014938,0.1232969842003644,0.9981914408066693,0.21862661838255693,0.6180650877942626,0.39766081871345027,0.48762962222099304,0.5510144233703613,0.5173879265785217,0.34897056221961975,0.9978139996528625,0.5162965655326843,0.7748903036117554
2025-10-13-05-48-42-1535046,2025-10-13_05-48-42_1535046,2025-10-13_05-48-42_1535046,HybridBCEJaccardLoss,deeplabv3_resnet50,5,0.5,0.0001,8,150,0.0016878182547433035,0.09064327485380116,0.8508102288021534,0.5184633554228725,0.6443035652404345,0.4752565166660652,0.9892638421827747,0.6391789466312949,0.758362859918128,0.46659042640091486,0.5974582919303384,0.5239766081871344,0.3549920760697306,0.998835563659668,0.5234025054764648,0.7983624294688628,0.39766081871345027,0.4645691215991974,0.5343086123466492,0.49700433015823364,0.33067581057548523,0.9977000951766968,0.4958573579788208,0.7664982080459595
2025-10-13-05-48-42-1535047,2025-10-13_05-48-42_1535047,2025-10-13_05-48-42_1535047,HybridBCEJaccardLoss,deeplabv3_resnet50,5,0.5,0.0001,16,150,0.00378875732421875,0.09064327485380116,0.8417521069300553,0.7202086477265272,0.7762514453013121,0.634322665649596,0.9922132184428554,0.7723135216029963,0.8588103772709781,0.2109895458370935,0.5441138015794154,0.30407049385151574,0.17929430011632416,0.9973283935995663,0.3029930063411369,0.7709644310068943,0.39766081871345027,0.3241409659385681,0.6848865747451782,0.44002723693847656,0.28207364678382874,0.9962930679321289,0.43840599060058594,0.8409216403961182
2025-10-13-05-48-42-1535048,2025-10-13_05-48-42_1535048,2025-10-13_05-48-42_1535048,HybridBCEJaccardLoss,deeplabv3_resnet50,15,0.5,0.0001,4,150,0.004986158098493304,0.09064327485380116,0.7330261730488672,0.771425759464602,0.7517359113054821,0.6022250564715644,0.9904438141853579,0.7468672907250375,0.8830278590389373,0.23014623172103488,0.6152659379739553,0.3349872221075336,0.20119198276156924,0.9973796676186955,0.33394731457617866,0.8065279617680539,0.39766081871345027,0.28716039657592773,0.7401024103164673,0.4137755036354065,0.2608555853366852,0.99554044008255,0.41197365522384644,0.8680936098098755
2025-10-13-05-48-42-1535049,2025-10-13_05-48-42_1535049,2025-10-13_05-48-42_1535049,HybridBCEJaccardLoss,deeplabv3_resnet50,15,0.5,0.0001,8,150,0.0058687264578683035,0.09064327485380116,0.7805265753140247,0.7893248474509547,0.7849010563127573,0.6459564962923586,0.9918862619707661,0.7807663343416845,0.8925413570760666,0.16084749966611336,0.44090267245436954,0.23570609779964774,0.1335979779251547,0.9969329272999483,0.2345028312064844,0.7192163355917487,0.39766081871345027,0.25968649983406067,0.7194364666938782,0.3816230297088623,0.23580603301525116,0.9950418472290039,0.37968456745147705,0.8575328588485718
2025-10-13-05-48-42-1535050,2025-10-13_05-48-42_1535050,2025-10-13_05-48-42_1535050,HybridBCEJaccardLoss,deeplabv3_resnet50,15,0.5,0.0001,16,150,0.00047568184988839283,0.09064327485380116,0.8466228893058161,0.023686109835312642,0.04608294930875576,0.02358490566037736,0.9816089753181704,0.04510814756965342,0.511802046918463,0.273089511882738,0.050180429893834005,0.08478208045240673,0.044267589388696654,0.9988378917469698,0.0844771997196454,0.5250185002507787,0.39766081871345027,0.16697369515895844,0.029000483453273773,0.04941791668534279,0.025334957987070084,0.9976274967193604,0.04881924390792847,0.5143460631370544
2025-10-13-05-52-06-1535051,2025-10-13_05-52-06_1535051,2025-10-13_05-52-06_1535051,BCEWithLogitsLoss,fcn_resnet50,1,0.5,0.0001,4,150,0.0036895533970424106,0.09064327485380116,0.837608082279057,0.6038186470704022,0.7017538508464236,0.5405399055517703,0.9903741651965726,0.6969927340518072,0.8007905701382465,0.2460183813832701,0.6341718529365619,0.354509574623593,0.2154431099424348,0.9975228029138902,0.3535103024648114,0.8160424130569308,0.39766081871345027,0.3078576922416687,0.6099070310592651,0.4091780185699463,0.25721168518066406,0.9962544441223145,0.4075034260749817,0.8034924268722534
2025-10-14-13-21-02-1535052,2025-10-14_13-21-02_1535052,2025-10-14_13-21-02_1535052,BCEWithLogitsLoss,fcn_resnet50,1,0.5,0.0001,8,150,0.0019763401576450893,0.09064327485380116,0.8596828222727166,0.7223738599829408,0.7850697205118423,0.6461849982392299,0.9925818904753654,0.7813244599855955,0.8600601505640926,0.4606886555661611,0.6815281627529941,0.5497595342558218,0.37908164007388767,0.9988025777480182,0.5491824651575692,0.8403357166361141,0.39766081871345027,0.49457693099975586,0.7141808271408081,0.5844303369522095,0.412858784198761,0.9978401064872742,0.5833834409713745,0.8563127517700195
2025-10-14-13-26-11-1535053,2025-10-14_13-26-11_1535053,2025-10-14_13-26-11_1535053,BCEWithLogitsLoss,fcn_resnet50,1,0.5,0.0001,16,150,0.0009314400809151786,0.09064327485380116,0.8684241460107988,0.7270979594514796,0.7915019445247967,0.6549468085106382,0.9928156945013231,0.7878759949386336,0.8624961902663255,0.4841877527984197,0.6730035040008367,0.5631913520137423,0.391973804447152,0.9988801900078269,0.5626456728487137,0.8361168119967535,0.39766081871345027,0.61100172996521,0.7162473797798157,0.6594517827033997,0.4919269382953644,0.9984268546104431,0.6586683392524719,0.8576378226280212
2025-10-14-14-01-54-1535054,2025-10-14_14-01-54_1535054,2025-10-14_14-01-54_1535054,BCEWithLogitsLoss,fcn_resnet50,5,0.5,0.0001,4,150,0.003263942173549107,0.09064327485380116,0.7421653895546643,0.8000787349911423,0.7700347001859729,0.6260621338686574,0.9910375533565399,0.7654709904361072,0.8973830649423153,0.2825309072692466,0.8258720778201977,0.42102807475937826,0.2666469669466841,0.9975635865155388,0.4201011187381569,0.9118100142870798,0.39766081871345027,0.3605324327945709,0.8052524924278259,0.4980672597885132,0.331617534160614,0.996548593044281,0.4965882897377014,0.9011043906211853
2025-10-14-14-25-35-1535055,2025-10-14_14-25-35_1535055,2025-10-14_14-25-35_1535055,BCEWithLogitsLoss,fcn_resnet50,5,0.5,0.0001,8,150,0.0009450857979910715,0.09064327485380116,0.7831729889892819,0.7023686109835313,0.7405731679897611,0.5880239718314502,0.9907710167669481,0.7358892619059711,0.8493259659319884,0.39482866476680334,0.7426912818367241,0.5155704003557913,0.34731886273310913,0.9985029276679543,0.5148909144134419,0.8707344514377455,0.39766081871345027,0.53755122423172,0.7104567289352417,0.6120263338088989,0.44094955921173096,0.998084545135498,0.6110846996307373,0.8545771837234497
2025-10-14-14-27-23-1535056,2025-10-14_14-27-23_1535056,2025-10-14_14-27-23_1535056,BCEWithLogitsLoss,fcn_resnet50,5,0.5,0.0001,16,150,0.0005798121861049107,0.09064327485380116,0.799340065198378,0.6596220720425169,0.722790998633978,0.5659144257994787,0.990510755969632,0.7180087894070408,0.8282285912572777,0.42339487256147695,0.7406254902986246,0.5387827311032272,0.36872184757986826,0.9986398640800925,0.5381523130916415,0.8697712065315661,0.39766081871345027,0.587675154209137,0.6758701801300049,0.6286947131156921,0.4584643840789795,0.9983022809028625,0.6278480291366577,0.8374298810958862
2025-10-14-14-27-23-1535057,2025-10-14_14-27-23_1535057,2025-10-14_14-27-23_1535057,BCEWithLogitsLoss,fcn_resnet50,15,0.5,0.0001,4,150,0.0037657819475446427,0.09064327485380116,0.6642611496260713,0.79841217767863,0.7251847437425508,0.5688547734136148,0.9886509064705141,0.7194403140253929,0.8953495812209818,0.262526475642409,0.8588985931698133,0.4021376494426318,0.25167227283523996,0.997260570526123,0.401153686428806,0.9281538691577362,0.39766081871345027,0.3212316036224365,0.8105448484420776,0.46011313796043396,0.29879674315452576,0.9959549903869629,0.4584636688232422,0.9034475088119507
2025-10-14-14-27-23-1535058,2025-10-14_14-27-23_1535058,2025-10-14_14-27-23_1535058,BCEWithLogitsLoss,fcn_resnet50,15,0.5,0.0001,8,150,0.0016500418526785715,0.09064327485380116,0.7310457624867163,0.5777376812545109,0.6454126322116266,0.4764643813749628,0.9880942067792339,0.6394425652858637,0.786837565193204,0.359625652551342,0.7908059201924585,0.4944128826582744,0.3283854364609688,0.9982651261722341,0.49366619700953995,0.8946469091757625,0.39766081871345027,0.42212483286857605,0.6204760670661926,0.502432644367218,0.33549919724464417,0.997386634349823,0.5011700391769409,0.8093329668045044
2025-10-14-14-45-48-1535059,2025-10-14_14-45-48_1535059,2025-10-14_14-45-48_1535059,BCEWithLogitsLoss,fcn_resnet50,15,0.5,0.0001,16,150,0.0006146240234375,0.09064327485380116,0.7535962365393803,0.6726789580736172,0.7108422457575705,0.5514005120151453,0.9897361263152091,0.7056347015175477,0.8342375369130156,0.36020581142707064,0.7890016212541185,0.49460691102222804,0.3285566505145097,0.9982704274794635,0.4938614229972156,0.8937483819445728,0.39766081871345027,0.5350494384765625,0.6960116028785706,0.6050075888633728,0.43369948863983154,0.9980673789978027,0.6040554046630859,0.8473613858222961
2025-10-14-14-47-05-1535060,2025-10-14_14-47-05_1535060,2025-10-14_14-47-05_1535060,JaccardLoss,fcn_resnet50,1,0.5,0.0001,4,150,0.0,0.09064327485380116,,0.0,,0.0,0.9812452254756805,0.0,0.5,,0.0,,0.0,0.9989273407879997,0.0,0.5,0.39766081871345027,,0.0,,0.0,0.9978734254837036,0.0,0.5
2025-10-14-16-18-57-1535061,2025-10-14_16-18-57_1535061,2025-10-14_16-18-57_1535061,JaccardLoss,fcn_resnet50,1,0.5,0.0001,8,150,0.005579136439732143,0.09064327485380116,0.7216169402751258,0.8009185748966603,0.7592025350702337,0.6118666071849264,0.9904715015042213,0.754355572186815,0.8975065233963184,0.237043222538893,0.6829140735317191,0.3519297110823631,0.21354047424366313,0.9973021114573759,0.3508959874356411,0.8402768891683665,0.39766081871345027,0.276836097240448,0.7772486209869385,0.4082602858543396,0.2564868628978729,0.9952086806297302,0.4063987135887146,0.8864609003067017
2025-10-15-05-47-28-1530479,2025-10-15_05-47-28_1530479,2025-10-15_05-47-28_1530479,JaccardLoss,segformer,1,0.5,0.0001,8,150,0.0024793788364955356,0.09064327485380116,0.9260080743226811,0.62455875598714,0.7459806821966655,0.5948717628237177,0.9920227296890751,0.7420839275523257,0.8118024562170182,0.2681459438478458,0.32516604780084724,0.2939160442469509,0.1722752524902675,0.9983241698321175,0.2930848910248738,0.662106531129821,0.39766081871345027,0.4093552529811859,0.5645049810409546,0.4745713174343109,0.3111068606376648,0.9973418712615967,0.47327280044555664,0.7813846468925476
2025-10-15-05-47-28-1530480,2025-10-15_05-47-28_1530480,2025-10-15_05-47-28_1530480,JaccardLoss,segformer,1,0.5,0.0001,16,150,0.0021169172014508927,0.09064327485380116,0.8549253156327503,0.698878026376222,0.7690658156468748,0.6247822389066486,0.9921283106650075,0.765102807141441,0.8483056499076516,0.23294641129812343,0.31486323937032584,0.2677801005203932,0.15458782144278543,0.9981529572430778,0.2668761151300546,0.6568749603298011,0.39766081871345027,0.4336472749710083,0.621850311756134,0.5109697580337524,0.343156099319458,0.9974687099456787,0.5097413659095764,0.8100597858428955
2025-10-15-05-47-28-1535062,2025-10-15_05-47-28_1535062,2025-10-15_05-47-28_1535062,JaccardLoss,fcn_resnet50,1,0.5,0.0001,16,150,0.0032666233607700893,0.09064327485380116,0.8570554926387316,0.7448133324585001,0.7970020360879028,0.6625132045079168,0.9928842359973539,0.7933987792542805,0.8712195034636103,0.2996239681374185,0.7042518696720883,0.4203921078921079,0.2661370014625084,0.997916950899012,0.4195184766218003,0.8512420806894718,0.39766081871345027,0.37735530734062195,0.7366772890090942,0.49906814098358154,0.3325055241584778,0.9968551993370056,0.49765533208847046,0.8670434355735779
2025-10-15-05-47-28-1535063,2025-10-15_05-47-28_1535063,2025-10-15_05-47-28_1535063,HybridBCEJaccardLoss,fcn_resnet50,1,0.5,0.0001,4,150,0.0034425789969308035,0.09064327485380116,0.8464015984015985,0.6948756643264877,0.7631902282594988,0.6170635498662813,0.9919124726326235,0.7591166605740571,0.8462327362358775,0.34407517184839503,0.570681449714973,0.4293105144093637,0.2733261528442251,0.9983725267298081,0.4285456904778012,0.78475661792363,0.39766081871345027,0.3686482906341553,0.6699641346931458,0.4755982756614685,0.3119901120662689,0.9968581795692444,0.47415560483932495,0.8337594866752625
2025-10-15-05-47-28-1535064,2025-10-15_05-47-28_1535064,2025-10-15_05-47-28_1535064,HybridBCEJaccardLoss,fcn_resnet50,1,0.5,0.0001,8,150,0.00314849853515625,0.09064327485380116,0.8982955196047961,0.7206285676792862,0.7997131165445833,0.6662683126573448,0.9932302659557711,0.7963122328468606,0.8595345675247046,0.3096943979248775,0.6431410491083103,0.41807256563458806,0.2642804951431273,0.99807949627147,0.4172286903841287,0.8208008411023746,0.39766081871345027,0.3883786201477051,0.7050856947898865,0.5008671879768372,0.33410462737083435,0.9970116019248962,0.49949461221694946,0.8513597249984741
2025-10-15-05-47-28-1535065,2025-10-15_05-47-28_1535065,2025-10-15_05-47-28_1535065,HybridBCEJaccardLoss,fcn_resnet50,1,0.5,0.0001,16,150,0.0016638619559151786,0.09064327485380116,0.9266511933915713,0.6653697263959057,0.774569785293646,0.6320798818227715,0.992736324187248,0.7709794873339334,0.8321815433057124,0.44498669032830523,0.5507818628732807,0.49226418622043566,0.3264923348782416,0.998781260322122,0.49166097913501317,0.7750220949483377,0.39766081871345027,0.5254054069519043,0.6423850655555725,0.5780362486839294,0.4065055847167969,0.9980055689811707,0.5770466327667236,0.8205742835998535
2025-10-15-05-47-28-1535067,2025-10-15_05-47-28_1535067,2025-10-15_05-47-28_1535067,HybridBCEJaccardLoss,fcn_resnet50,5,0.5,0.0001,4,150,0.0026443263462611606,0.09064327485380116,0.7597446063539468,0.6776786300111541,0.7163689454391605,0.5580800985562375,0.9899357211205267,0.7112629133144797,0.8367912977736898,0.3004841791814675,0.6702316824433868,0.41493916999214836,0.26178122765805334,0.9979726286495433,0.4140712706027666,0.8342781214704833,0.39766081871345027,0.37633663415908813,0.676184892654419,0.483549565076828,0.31886932253837585,0.9969284534454346,0.4821345806121826,0.8368984460830688
2025-10-15-05-47-28-1535068,2025-10-15_05-47-28_1535068,2025-10-15_05-47-28_1535068,HybridBCEJaccardLoss,fcn_resnet50,5,0.5,0.0001,8,150,0.0036627851213727677,0.09064327485380116,0.8536492611449149,0.7216783675611836,0.7821359747989391,0.6422194585063089,0.9924596971081149,0.7783268274088662,0.8596567864705159,0.240825350036846,0.6409183620103551,0.3501003449581122,0.21219493190888863,0.997447602889117,0.34908532128639236,0.819374404968152,0.39766081871345027,0.3373878002166748,0.705479085445404,0.4564724862575531,0.29573333263397217,0.9964272975921631,0.45490413904190063,0.8512632250785828
2025-10-15-05-47-28-1535069,2025-10-15_05-47-28_1535069,2025-10-15_05-47-28_1535069,HybridBCEJaccardLoss,fcn_resnet50,5,0.5,0.0001,16,150,0.0028811427525111608,0.09064327485380116,0.8416301059600552,0.6973033265533758,0.7626989708774097,0.6164215117627952,0.9918621432396674,0.7585960982881153,0.847397721429793,0.33480176211453744,0.6935829716019036,0.45160686161835434,0.2916616267690041,0.99819315181059,0.4508122490942845,0.8460516085942578,0.39766081871345027,0.3932833969593048,0.6965571045875549,0.502723753452301,0.3357588052749634,0.9970695972442627,0.5013682842254639,0.8471335768699646
2025-10-15-05-47-28-1535071,2025-10-15_05-47-28_1535071,2025-10-15_05-47-28_1535071,HybridBCEJaccardLoss,fcn_resnet50,15,0.5,0.0001,4,150,0.007498125348772321,0.09064327485380116,0.6537143952279424,0.8952168492881044,0.7556386292834891,0.6072501502102944,0.9891410335417716,0.7502237460205221,0.9430765391062819,0.18929811746312458,0.7725275874692746,0.30408423739629864,0.1793038570084666,0.996207125046674,0.3028830382076795,0.8844874510370044,0.39766081871345027,0.23418821394443512,0.8706071972846985,0.3690926432609558,0.22631123661994934,0.993670642375946,0.3669710159301758,0.9322701096534729
2025-10-15-05-47-28-1535072,2025-10-15_05-47-28_1535072,2025-10-15_05-47-28_1535072,HybridBCEJaccardLoss,fcn_resnet50,15,0.5,0.0001,8,150,0.0055319431849888395,0.09064327485380116,0.7593141279643975,0.8373728757955514,0.7964354359601606,0.6617305458768873,0.9919719080771169,0.7923506287683286,0.9161498360638779,0.21143920160411092,0.7251974269128184,0.327416546146808,0.1957549833418036,0.9968040971194997,0.3262975076337816,0.8611465891373828,0.39766081871345027,0.2809247374534607,0.814872145652771,0.4178105592727661,0.26407110691070557,0.9951707124710083,0.41596341133117676,0.9052135944366455
2025-10-15-05-47-28-1535073,2025-10-15_05-47-28_1535073,2025-10-15_05-47-28_1535073,HybridBCEJaccardLoss,fcn_resnet50,15,0.5,0.0001,16,150,0.005154331752232143,0.09064327485380116,0.7765783684813679,0.7736434617151106,0.7751081368901277,0.6327971964171671,0.9915803478610131,0.7708180180264887,0.8846946446853272,0.22492051523231318,0.7566026881439255,0.3467579082351108,0.20974418082044813,0.9969422115999109,0.3456758465393529,0.8769014894893741,0.39766081871345027,0.28407078981399536,0.7702253460884094,0.4150608479976654,0.261878103017807,0.9953833818435669,0.4132377505302429,0.8830443620681763
2025-10-15-06-41-45-1530481,2025-10-15_06-41-45_1530481,2025-10-15_06-41-45_1530481,HybridBCEJaccardLoss,segformer,1,0.5,0.0001,4,150,0.005905892508370536,0.09064327485380116,0.7594856239896834,0.8230759136539597,0.7900031802910125,0.6528969063579965,0.9917933556341356,0.7858249732259623,0.9090470030411139,0.251093133005875,0.6817373568328017,0.36701109296694634,0.22474806251670243,0.9974775314331055,0.3660170991865498,0.8397769667764206,0.39766081871345027,0.28061896562576294,0.7947254776954651,0.41477879881858826,0.2616535723209381,0.995231032371521,0.41293346881866455,0.8951919078826904
2025-10-15-06-41-45-1530482,2025-10-15_06-41-45_1530482,2025-10-15_06-41-45_1530482,HybridBCEJaccardLoss,segformer,1,0.5,0.0001,8,150,0.0030718558175223216,0.09064327485380116,0.8822768331349983,0.7248146447083524,0.7958316973982328,0.6608973975471134,0.993025133686681,0.7923183069192303,0.861483074788258,0.30998005466499223,0.5486376235552534,0.3961407384330718,0.24699220681374048,0.9982058300691492,0.3953118253416754,0.7736631024650886,0.39766081871345027,0.39377981424331665,0.6894761323928833,0.5012698173522949,0.33446305990219116,0.9970824718475342,0.499916136264801,0.8436070680618286
2025-10-16-10-06-02-1530484,2025-10-16_10-06-02_1530484,2025-10-16_10-06-02_1530484,HybridBCEJaccardLoss,segformer,1,0.5,0.0001,16,150,0.006014273507254465,0.09064327485380116,0.7264721038084977,0.8140148284233318,0.7677560290359112,0.6230552123823585,0.9907637565366684,0.7630597379776537,0.9040784147341103,0.2391085484166209,0.6831494168715025,0.3542324849832545,0.21523847186864067,0.9973282533533433,0.3532046534526634,0.8404075194648313,0.39766081871345027,0.2701522707939148,0.7877651453018188,0.4023311138153076,0.2518238425254822,0.9950228929519653,0.400432288646698,0.8916148543357849
2025-10-16-10-06-02-1530485,2025-10-16_10-06-02_1530485,2025-10-16_10-06-02_1530485,HybridBCEJaccardLoss,segformer,5,0.5,0.0001,4,150,0.005487125941685268,0.09064327485380116,0.8265115180002682,0.8491306344728036,0.8376684110540435,0.7206793818738688,0.9938276967694682,0.8345230346588806,0.922861980389172,0.24239231977102424,0.637780450813242,0.3512789491876944,0.213061481209707,0.997473211849437,0.35026893221846844,0.8178199523611989,0.39766081871345027,0.3022168278694153,0.8067368865013123,0.439710795879364,0.2818136513233185,0.9956279397010803,0.43797188997268677,0.9013836979866028
2025-10-16-10-06-02-1530486,2025-10-16_10-06-02_1530486,2025-10-16_10-06-02_1530486,HybridBCEJaccardLoss,segformer,5,0.5,0.0001,8,150,0.006766226632254464,0.09064327485380116,0.8057871444153304,0.8434092251164622,0.8241690603200656,0.700924794974699,0.9932506930443549,0.820730196626756,0.9197619369756479,0.2159701184246764,0.6561895298363056,0.32498025046298096,0.19401577238286685,0.9970759784474093,0.3238889531111394,0.826815777958715,0.39766081871345027,0.26212722063064575,0.8058556914329529,0.3955807089805603,0.24655692279338837,0.994763195514679,0.3936346769332886,0.9005107879638672
2025-10-16-10-06-02-1530487,2025-10-16_10-06-02_1530487,2025-10-16_10-06-02_1530487,HybridBCEJaccardLoss,segformer,5,0.5,0.0001,16,150,0.0069866071428571425,0.09064327485380116,0.7075128578981943,0.8691949347155699,0.7800641250231857,0.63943043320864,0.9908076870825983,0.7754202730785856,0.931163517700559,0.21588314359281632,0.6971915694785837,0.32968147195568304,0.19737640840378437,0.996958900900448,0.3285816287047545,0.8472361819252678,0.39766081871345027,0.25209543108940125,0.8346935510635376,0.38723695278167725,0.24010778963565826,0.9943824410438538,0.3852287530899048,0.914708137512207
2025-10-16-11-39-55-1530488,2025-10-16_11-39-55_1530488,2025-10-16_11-39-55_1530488,HybridBCEJaccardLoss,segformer,15,0.5,0.0001,4,150,0.010112740652901785,0.09064327485380116,0.5823229944049124,0.9246178072304967,0.7145950386401898,0.5559298898957343,0.9861482189547631,0.7078717546767762,0.9559710358255393,0.16223470562336553,0.7997489671042309,0.2697489405051178,0.15590161845291195,0.9953552975374109,0.26844419680340414,0.8976571544398968,0.39766081871345027,0.19174589216709137,0.8995709419250488,0.3161117434501648,0.18772725760936737,0.9917227625846863,0.31370580196380615,0.9457451105117798
2025-10-16-11-39-55-1530489,2025-10-16_11-39-55_1530489,2025-10-16_11-39-55_1530489,HybridBCEJaccardLoss,segformer,15,0.5,0.0001,8,150,0.011132398332868304,0.09064327485380116,0.5775875467283986,0.9265730595105308,0.7115956342527741,0.5523076862907673,0.9859139227098034,0.7047741049459602,0.9568105891609329,0.15284639355476173,0.788792427174311,0.25607287019783787,0.14683690953697573,0.9950838930466596,0.25473355836393885,0.8920489191377887,0.39766081871345027,0.1799205094575882,0.8989362716674805,0.29983046650886536,0.17635327577590942,0.9910718202590942,0.29734039306640625,0.9451022148132324
2025-10-16-13-17-37-1535056,2025-10-16_13-17-37_1535056,2025-10-16_13-17-37_1535056,BCEWithLogitsLoss,fcn_resnet50,5,0.5,0.0001,16,150,0.0008290972028459822,0.09064327485380116,0.8077913842983395,0.6686897185224067,0.7316880552813425,0.5768991282689913,0.9908022726735761,0.7270512407996097,0.8328243027161888,0.39703754149995746,0.73176089116678,0.5147713476325374,0.3465940054495913,0.9985202340518727,0.5140955830805634,0.8652837871737411,0.39766081871345027,0.5535107254981995,0.6813408732414246,0.6108094453811646,0.43968725204467773,0.9981536269187927,0.6098939180374146,0.8400848507881165
2025-10-16-13-17-37-1535057,2025-10-16_13-17-37_1535057,2025-10-16_13-17-37_1535057,BCEWithLogitsLoss,fcn_resnet50,15,0.5,0.0001,4,150,0.00746063232421875,0.09064327485380116,0.6231116706161137,0.7729348467948297,0.6899837758371258,0.5266986493072167,0.9869734241116431,0.6834089620458721,0.8819996206963046,0.19624317176546674,0.888682600282412,0.32149276322013054,0.1915349282835968,0.9959763358621037,0.32029834411430735,0.9423870746714369,0.39766081871345027,0.21545737981796265,0.7961521744728088,0.3391365110874176,0.2041928768157959,0.9934015870094299,0.336916983127594,0.8949871063232422
2025-10-16-13-17-37-1535058,2025-10-16_13-17-37_1535058,2025-10-16_13-17-37_1535058,BCEWithLogitsLoss,fcn_resnet50,15,0.5,0.0001,8,150,0.001568145751953125,0.09064327485380116,0.7269961849380683,0.5676399186405091,0.6375105006410918,0.46790122121385846,0.9878933814264113,0.631449219997952,0.7817828524734738,0.3652308614831101,0.7644997646566603,0.4943105926113788,0.3282951916814517,0.9983221502865062,0.4935753866473076,0.8815364980017483,0.39766081871345027,0.4271391034126282,0.6071271300315857,0.5014719367027283,0.33464300632476807,0.9974329471588135,0.5002241134643555,0.8026959896087646
2025-10-16-13-17-37-1535065,2025-10-16_13-17-37_1535065,2025-10-16_13-17-37_1535065,HybridBCEJaccardLoss,fcn_resnet50,1,0.5,0.0001,16,150,0.00200714111328125,0.09064327485380116,0.9074060501676531,0.6498720556393938,0.7573442828523803,0.6094562415008892,0.9921897149855091,0.7534855391960483,0.8243022849330799,0.4300331663255945,0.6374143611735787,0.5135789983776836,0.34551381998582564,0.9987048541798311,0.5129550680451129,0.8182535865376828,0.39766081871345027,0.47853952646255493,0.6473731994628906,0.5502978563308716,0.37959372997283936,0.9977499842643738,0.549195408821106,0.8229349851608276
2025-10-16-14-30-21-1530490,2025-10-16_14-30-21_1530490,2025-10-16_14-30-21_1530490,HybridBCEJaccardLoss,segformer,15,0.5,0.0001,16,150,0.010762438092912946,0.09064327485380116,0.5174844271248487,0.9200839839905518,0.6624090091026325,0.49522538175756803,0.9824112922914566,0.6541050536698622,0.9518432765112824,0.16081410498886228,0.8004288478636055,0.26782042644781395,0.15461470077181072,0.9953055101282456,0.26651011221957044,0.897971809352132,0.39766081871345027,0.17887938022613525,0.8960829377174377,0.2982258200645447,0.1752440631389618,0.9910317659378052,0.295728862285614,0.9436585307121277
